grad_norm,loss,loss_q0,loss_q1,loss_q2,loss_q3,mse,mse_q0,mse_q1,mse_q2,mse_q3,samples,step,vb,vb_q0,vb_q1,vb_q2,vb_q3
0.7884640627935136,0.9977395236492157,1.0167434007832499,0.9100584180818666,0.9434602289245674,1.1171532304901062,0.9617244750261307,1.0003493238579144,0.9056229090525044,0.9385093880387455,1.0025920578927705,128,0,0.0360150228952989,0.016394062398114435,0.004435512512120316,0.004950848255807963,0.11456116577469269
